{"cameraMode":{"drawMode":0,"name":"Shaded","section":"Shading Mode"},"sceneLighting":true,"audioPlay":false,"sceneViewState":{"showFog":true,"showMaterialUpdate":false,"showSkybox":true,"showFlares":true,"showImageEffects":true,"showParticleSystems":true},"in2DMode":false,"pivot":{"x":-6216.43994140625,"y":630.2999877929688,"z":7270.2001953125},"rotation":{"x":-0.2572997808456421,"y":0.25371524691581728,"z":-0.07036142796278,"w":-0.929834246635437},"size":18.369670867919923,"orthographic":true}